name,score,age,passed,score_zscore,score_normalized,age_normalized,bonus_score,category
Alice,92.5,25,1,1.0749398511979578,0.9545454545454546,0.23076923076923078,97.5,High
Bob,45.0,30,0,-1.3930342969606178,0.09090909090909091,0.6153846153846154,45.0,Low
Charlie,78.3,28,1,0.33714547427476244,0.6963636363636363,0.46153846153846156,83.3,Medium
Diana,88.0,28,1,0.8411317740039875,0.8727272727272727,0.46153846153846156,93.0,High
Eve,55.5,22,0,-0.8474821168413538,0.2818181818181818,0.0,55.5,Low
Frank,95.0,35,1,1.2048332274168303,1.0,1.0,100.0,High
Grace,40.0,29,0,-1.6528210493983626,0.0,0.5384615384615384,40.0,Low
Hank,72.0,27,1,0.00981416620320412,0.5818181818181818,0.38461538461538464,77.0,Medium
Ivan,80.0,27,1,0.4254729701035958,0.7272727272727273,0.38461538461538464,85.0,High
